"patient_id","ho_ten","cccd","ngay_sinh","so_dien_thoai","email","dia_chi","benh","ket_qua_xet_nghiem","bac_si_phu_trach","ngay_kham"
"6f1a5bde-dc08-4104-b454-678bebc14300","Ngo Duc Huy","083505739674","26/03/2003","0838211327","patient1@example.com","46 Dien Bien Phu, Hue","Tim mach","11.43","Hoang Thi Hoa","27/05/2026"
"5d6d49dc-9565-43c9-9fb4-903002d21b48","Pham Quoc Dat","146480152660","02/04/1995","0985948166","patient2@example.com","95 Le Loi, Ha Noi","Tim mach","5.81","Pham Quoc Dat","18/02/2026"
"5513c447-ff1f-4451-b149-42b1ff9e227d","Vu Thi Mai","692393130285","05/10/1993","0769340366","patient3@example.com","172 Nguyen Trai, Can Tho","Tim mach","7.66","Vo Ngoc Linh","15/04/2026"
"9f0aceea-55e0-4026-9ae0-5480b738fb79","Hoang Thi Hoa","368994768388","27/11/2006","0738677684","patient4@example.com","51 Nguyen Trai, Ha Noi","Tim mach","10.92","Do Tuan Kiet","20/04/2026"
"ba41c2e0-8e0e-4377-9f44-174c4e87054c","Phan Anh Tuan","122476129835","23/02/1960","0515132934","patient5@example.com","100 Vo Van Kiet, Nha Trang","Huyet ap cao","10.26","Nguyen Van An","20/03/2026"
"e257b8d5-4b35-4fe6-bbb6-a74e4165552b","Tran Thi Binh","609836370071","14/02/1990","0741078719","patient6@example.com","22 Ly Thuong Kiet, Da Nang","Huyet ap cao","3.86","Tran Thi Binh","07/01/2026"
"3470221f-4761-4533-a2d1-4cc25f90022e","Le Minh Chau","908071234019","02/10/1945","0812154454","patient7@example.com","160 Dien Bien Phu, Vinh","Tim mach","8.89","Le Minh Chau","10/03/2026"
"13a76b99-46af-4230-81a7-46975ed31491","Hoang Thi Hoa","550109437287","11/09/1952","0350388392","patient8@example.com","10 Vo Van Kiet, Can Tho","Khoe manh","7.64","Phan Anh Tuan","09/05/2026"
"3e474d89-d2dd-4aa9-a14b-39387815ec1a","Vu Thi Mai","884789080594","27/06/1940","0957138438","patient9@example.com","181 Vo Van Kiet, Da Nang","Khoe manh","5.94","Hoang Thi Hoa","14/01/2026"
"9fb46060-738d-4bb5-890c-8a3424f1019f","Ngo Duc Huy","200502202723","27/01/1994","0879179084","patient10@example.com","149 Vo Van Kiet, Ho Chi Minh","Huyet ap cao","3.94","Vu Thi Mai","13/02/2026"
"43c34d13-6f88-4a67-927d-230c5dbf2773","Le Minh Chau","068738289845","05/08/1951","0365679800","patient11@example.com","90 Nguyen Trai, Ha Noi","Tim mach","10.47","Tran Thi Binh","12/01/2026"
"10fd5dc0-8d50-410a-b51d-af50be8a1227","Do Tuan Kiet","013959062792","19/08/1973","0952796847","patient12@example.com","122 Nguyen Trai, Da Nang","Huyet ap cao","6.4","Dang My Duyen","25/05/2026"
"5d33b8b8-13fd-4d78-b9f6-73e4bb9ad622","Ngo Duc Huy","180579452921","02/02/1995","0554171022","patient13@example.com","28 Vo Van Kiet, Ha Noi","Tim mach","4.16","Le Minh Chau","16/03/2026"
"8cb18321-f47d-4344-8019-a2432b77a132","Tran Thi Binh","733245830136","02/03/1990","0902525042","patient14@example.com","3 Tran Hung Dao, Da Nang","Khoe manh","4.37","Le Minh Chau","01/05/2026"
"7509bca7-8959-4c63-b76e-90c79aa671f0","Dang My Duyen","278681338228","18/11/1952","0506217139","patient15@example.com","140 Nguyen Trai, Hai Phong","Tieu duong","5.87","Dang My Duyen","13/01/2026"
"df7ff8f7-7c18-42d8-b983-9f9422d998ba","Ngo Duc Huy","943638409807","16/12/2006","0997316176","patient16@example.com","1 Vo Van Kiet, Hue","Khoe manh","4.4","Le Minh Chau","19/04/2026"
"9fc576af-c3e5-4fff-a73f-fb52ef5f174e","Do Tuan Kiet","607993113587","09/04/1974","0383183471","patient17@example.com","20 Pham Van Dong, Hue","Tieu duong","10.7","Nguyen Van An","09/02/2026"
"a074e977-91d6-452d-b5e5-d4c4261584b9","Le Minh Chau","919040379984","01/04/1979","0863469962","patient18@example.com","154 Dien Bien Phu, Hai Phong","Tim mach","5.35","Hoang Thi Hoa","16/05/2026"
"1851cc8b-8da8-4db6-88fd-089e51f46c6e","Tran Thi Binh","526478031111","16/10/1982","0397557130","patient19@example.com","41 Hai Ba Trung, Hue","Tieu duong","7.63","Hoang Thi Hoa","25/01/2026"
"a4219e25-5d7f-46fd-b785-4bcf5bed0e22","Nguyen Van An","976544727637","14/03/1945","0903707897","patient20@example.com","161 Vo Van Kiet, Can Tho","Khoe manh","9.7","Pham Quoc Dat","11/01/2026"
"7e83470e-89be-4697-9c9d-c806f7e3f993","Do Tuan Kiet","428729754824","24/11/1997","0890560408","patient21@example.com","16 Ly Thuong Kiet, Can Tho","Tim mach","9.67","Tran Thi Binh","14/02/2026"
"6e66225f-4450-4d6f-8f15-29a5183d012e","Dang My Duyen","374483551323","27/05/1941","0396241117","patient22@example.com","60 Tran Hung Dao, Ho Chi Minh","Khoe manh","3.82","Bui Thanh Nam","11/03/2026"
"7c5ca903-565f-4281-8ec0-b56b5b34aa72","Dang My Duyen","469316393677","12/08/1950","0592947362","patient23@example.com","146 Vo Van Kiet, Da Nang","Tieu duong","4.15","Ngo Duc Huy","25/04/2026"
"adababb4-5205-4407-ae5a-9815964ed378","Hoang Thi Hoa","615589169892","15/06/1969","0558663254","patient24@example.com","160 Hai Ba Trung, Nha Trang","Huyet ap cao","8.85","Ngo Duc Huy","26/05/2026"
"1e81dcf4-10df-434c-bd6f-aa193e5acd3d","Vo Ngoc Linh","555028505901","14/06/1958","0837582638","patient25@example.com","195 Tran Hung Dao, Hue","Tim mach","6.78","Do Tuan Kiet","01/01/2026"
"2e0a6568-b6ba-4182-960b-85be8b9c38e6","Ngo Duc Huy","542802321732","25/01/1954","0891442494","patient26@example.com","96 Vo Van Kiet, Can Tho","Tim mach","11.44","Hoang Thi Hoa","06/03/2026"
"09cf70c0-30e0-42b5-9257-a616d158c059","Bui Thanh Nam","483630512558","12/05/1989","0906799880","patient27@example.com","69 Hai Ba Trung, Nha Trang","Khoe manh","6.5","Ngo Duc Huy","18/02/2026"
"96aa2764-17dc-4cf8-a4a3-7cd54ffc1568","Vu Thi Mai","089035973322","20/11/1972","0939273770","patient28@example.com","190 Nguyen Trai, Vinh","Huyet ap cao","11.51","Nguyen Van An","16/03/2026"
"5dfd3198-a36f-4730-b617-a08ab48ed8f9","Dang My Duyen","740096644698","02/12/1971","0536575804","patient29@example.com","79 Vo Van Kiet, Ha Noi","Tim mach","9.11","Le Minh Chau","26/04/2026"
"e0669ea4-43a8-41a5-9ca4-d8038c4afc07","Dang My Duyen","520853530420","09/08/1969","0798271318","patient30@example.com","4 Le Loi, Da Nang","Tieu duong","8.63","Hoang Thi Hoa","19/01/2026"
"1fa0b2c6-fffb-4d39-8c4e-9c3034257fce","Bui Thanh Nam","694248303093","21/11/2005","0928244879","patient31@example.com","179 Dien Bien Phu, Ho Chi Minh","Huyet ap cao","11.9","Bui Thanh Nam","13/05/2026"
"b8c52dfb-c01e-4c9d-9379-fcc4728184bf","Do Tuan Kiet","725823038194","17/02/1945","0992026230","patient32@example.com","72 Hai Ba Trung, Da Nang","Huyet ap cao","4.46","Nguyen Van An","11/04/2026"
"fefac9aa-be51-4cac-9494-608af87e3078","Ngo Duc Huy","390266048186","22/06/1993","0927786951","patient33@example.com","1 Vo Van Kiet, Hai Phong","Tieu duong","8.83","Vo Ngoc Linh","03/03/2026"
"0705d3a5-3a6d-458a-9ce3-2b4c274d8a91","Ngo Duc Huy","139996480936","15/01/1962","0945640972","patient34@example.com","128 Nguyen Trai, Nha Trang","Tieu duong","7.01","Do Tuan Kiet","13/01/2026"
"24630006-d3cd-44f6-b27e-19f56a2ed942","Dang My Duyen","446434812617","20/01/2004","0784380177","patient35@example.com","83 Le Loi, Can Tho","Tim mach","9.46","Dang My Duyen","06/02/2026"
"2bc0e8dc-c5ab-4216-8f38-569c10bdb1ab","Le Minh Chau","042974503664","18/10/1960","0789834559","patient36@example.com","192 Nguyen Trai, Ha Noi","Huyet ap cao","7.54","Le Minh Chau","05/04/2026"
"d631f49a-84c3-4d4b-acf3-f96df8bd68a0","Vu Thi Mai","733590451733","13/09/1955","0598697982","patient37@example.com","55 Ly Thuong Kiet, Hue","Tieu duong","7.38","Nguyen Van An","17/04/2026"
"ccba8aa2-dc18-442f-b018-9a58aee99eda","Nguyen Van An","421972228981","24/10/1942","0909213188","patient38@example.com","69 Pham Van Dong, Ha Noi","Tim mach","8.51","Do Tuan Kiet","17/02/2026"
"4d7f6f6e-ee72-4b43-b55b-278dc7c3a930","Ngo Duc Huy","006605298002","12/01/1941","0317223139","patient39@example.com","147 Le Loi, Vinh","Tim mach","10.37","Bui Thanh Nam","25/02/2026"
"cb7b8aa6-b657-45ea-836f-7de67c3e70cd","Phan Anh Tuan","101229395368","27/12/1970","0988480606","patient40@example.com","154 Vo Van Kiet, Nha Trang","Tieu duong","8.46","Le Minh Chau","15/04/2026"
"4e3e0c2b-71f9-4f9f-99a9-fa1f8c7169b2","Tran Thi Binh","871500500777","12/03/1939","0310760111","patient41@example.com","100 Hai Ba Trung, Ha Noi","Tim mach","7.8","Do Tuan Kiet","04/03/2026"
"807517eb-1e1d-4404-b16c-9c378ac88c99","Vo Ngoc Linh","595248971396","11/07/1963","0949816805","patient42@example.com","84 Vo Van Kiet, Can Tho","Tim mach","10.84","Pham Quoc Dat","12/04/2026"
"d1dc3be3-19c2-469f-bf61-88c48ada702a","Hoang Thi Hoa","849823615905","26/03/1978","0585269901","patient43@example.com","180 Dien Bien Phu, Hue","Khoe manh","9.02","Dang My Duyen","24/04/2026"
"0bb2a7ff-cd6f-4810-9a3e-c16187bf5988","Hoang Thi Hoa","898516260257","17/11/2000","0941090265","patient44@example.com","12 Pham Van Dong, Ha Noi","Tim mach","7.81","Ngo Duc Huy","18/03/2026"
"1d233c97-b452-4e51-9e16-6617c75b946f","Hoang Thi Hoa","355067750496","22/04/1973","0852445233","patient45@example.com","48 Le Loi, Nha Trang","Tieu duong","6.7","Hoang Thi Hoa","05/01/2026"
"5ab43196-001c-4a3f-b79c-33be78b15b94","Vo Ngoc Linh","858990906576","10/09/1990","0364728772","patient46@example.com","21 Tran Hung Dao, Ha Noi","Huyet ap cao","6.22","Bui Thanh Nam","01/04/2026"
"0434049f-511d-411e-80ab-75d291a7496b","Do Tuan Kiet","700728673424","24/12/1938","0929179828","patient47@example.com","170 Nguyen Trai, Nha Trang","Tim mach","11.8","Nguyen Van An","17/05/2026"
"2b4c0591-4a9d-4da0-9db2-7e9b79205c9a","Phan Anh Tuan","330185894777","01/11/1953","0302512806","patient48@example.com","153 Vo Van Kiet, Hue","Tim mach","7.4","Dang My Duyen","12/04/2026"
"30b6bde8-e173-4ccb-ae68-e9e55ac0898e","Vu Thi Mai","021207927688","16/02/1998","0823240151","patient49@example.com","144 Tran Hung Dao, Ha Noi","Khoe manh","7.7","Ngo Duc Huy","09/02/2026"
"5b225371-fd1c-4e2f-b53f-3ab623e7dfb2","Le Minh Chau","672695508193","17/04/1948","0778673346","patient50@example.com","82 Vo Van Kiet, Ho Chi Minh","Tieu duong","10.44","Pham Quoc Dat","03/05/2026"
"c68864c2-951b-4844-87a3-ec8da3f9c246","Tran Thi Binh","192109863821","08/06/1982","0959707086","patient51@example.com","65 Pham Van Dong, Nha Trang","Tim mach","11.3","Tran Thi Binh","19/02/2026"
"f8568f4f-9ec9-4398-be4c-e4e6888c2f45","Vu Thi Mai","707234606015","23/08/1973","0792594627","patient52@example.com","146 Vo Van Kiet, Ho Chi Minh","Tim mach","7.84","Do Tuan Kiet","22/04/2026"
"b8831fb7-fefd-49aa-aa16-1d558c94b561","Le Minh Chau","487339834916","10/07/1994","0845264251","patient53@example.com","108 Pham Van Dong, Can Tho","Khoe manh","5.9","Nguyen Van An","18/05/2026"
"9a259af5-bc01-4473-b3cc-6304ce3cc6df","Nguyen Van An","348068152345","15/11/2007","0540980975","patient54@example.com","101 Tran Hung Dao, Hai Phong","Tieu duong","11.3","Do Tuan Kiet","19/04/2026"
"fa5b8dd1-18e8-4ca9-9dc3-5eeb1f4b5fad","Nguyen Van An","516080684831","23/10/1987","0945388905","patient55@example.com","63 Dien Bien Phu, Hai Phong","Tim mach","5.51","Hoang Thi Hoa","15/02/2026"
"92c02a58-30d4-4690-b855-45abd56f29a8","Hoang Thi Hoa","634195647345","20/07/1989","0920502946","patient56@example.com","147 Le Loi, Nha Trang","Khoe manh","4.69","Tran Thi Binh","18/01/2026"
"e5078f1b-108e-47bd-ba99-fb7202ec2fe5","Pham Quoc Dat","653909884024","04/04/1962","0876860243","patient57@example.com","122 Tran Hung Dao, Da Nang","Tim mach","3.64","Bui Thanh Nam","17/01/2026"
"903b33a7-74fd-41af-86a3-7ae04c72fb1f","Phan Anh Tuan","906031897941","26/12/1953","0759538218","patient58@example.com","39 Vo Van Kiet, Da Nang","Khoe manh","9.21","Vu Thi Mai","16/01/2026"
"cd54e8b2-c30a-42cd-aa14-93fd27583388","Le Minh Chau","659563309274","13/07/2006","0336524072","patient59@example.com","133 Pham Van Dong, Nha Trang","Khoe manh","8.92","Phan Anh Tuan","13/05/2026"
"fee1c503-3d33-4b8d-a856-375f340702a0","Le Minh Chau","921391624885","19/11/1978","0952983880","patient60@example.com","123 Dien Bien Phu, Ho Chi Minh","Khoe manh","6.78","Vu Thi Mai","18/04/2026"
"2b5581c7-ec98-4a88-9f2d-47c4892f16f0","Le Minh Chau","243413387090","24/07/1962","0509203829","patient61@example.com","158 Dien Bien Phu, Ha Noi","Khoe manh","3.72","Ngo Duc Huy","01/03/2026"
"74078bb4-9db4-4739-9c85-e1e9b8107a04","Bui Thanh Nam","765119490142","21/03/1983","0834391295","patient62@example.com","2 Le Loi, Ha Noi","Huyet ap cao","6.33","Phan Anh Tuan","05/02/2026"
"df092d37-5da8-432f-a3d6-7aaf3e9d927e","Dang My Duyen","804108505344","01/12/1940","0749770810","patient63@example.com","34 Nguyen Trai, Nha Trang","Khoe manh","11.72","Bui Thanh Nam","26/04/2026"
"bab41966-54b9-4286-8018-c93a2476132a","Le Minh Chau","997921222118","09/01/1939","0787103978","patient64@example.com","9 Dien Bien Phu, Da Nang","Tieu duong","6.16","Vo Ngoc Linh","19/04/2026"
"e87a1645-6933-47b0-95c2-3c9161ebf827","Do Tuan Kiet","998497794631","15/04/1942","0797696007","patient65@example.com","91 Pham Van Dong, Hue","Tim mach","6.51","Le Minh Chau","08/05/2026"
"b24ac5b5-e171-4384-a811-4bb393059b9d","Vo Ngoc Linh","153785661770","16/06/1967","0911341829","patient66@example.com","174 Ly Thuong Kiet, Vinh","Tim mach","10.7","Vo Ngoc Linh","16/03/2026"
"af18d81a-2b41-4fc3-8fb7-f0c0ef5904ad","Pham Quoc Dat","164993257256","05/03/1959","0715719102","patient67@example.com","133 Vo Van Kiet, Can Tho","Tieu duong","10.59","Le Minh Chau","14/03/2026"
"63ba8b6c-f9f5-4409-a3cc-d3825c33a0dc","Nguyen Van An","314636252183","09/07/1937","0580963554","patient68@example.com","180 Ly Thuong Kiet, Ho Chi Minh","Huyet ap cao","9.3","Vo Ngoc Linh","05/04/2026"
"7947eb00-7939-408d-bd8e-e995c8674763","Hoang Thi Hoa","872545756978","02/04/1977","0928123322","patient69@example.com","13 Le Loi, Hue","Khoe manh","11.04","Phan Anh Tuan","03/02/2026"
"149e102d-87de-4ac5-91f9-f36132682cdd","Phan Anh Tuan","779120072531","21/07/1994","0972537850","patient70@example.com","47 Ly Thuong Kiet, Hai Phong","Khoe manh","6.34","Tran Thi Binh","07/03/2026"
"9a1ce295-ef4d-425c-873a-735144fd43f6","Dang My Duyen","734255934962","07/08/1973","0363814086","patient71@example.com","64 Dien Bien Phu, Vinh","Khoe manh","7.33","Vu Thi Mai","25/04/2026"
"346c2ced-7ee6-42e4-95e8-b142573c0fe0","Bui Thanh Nam","896462382862","02/09/1998","0781103988","patient72@example.com","29 Tran Hung Dao, Hue","Tieu duong","10.3","Tran Thi Binh","06/05/2026"
"25535673-81a8-47a1-ad63-1f2b86b1fd0c","Ngo Duc Huy","312742047952","26/03/1998","0301960656","patient73@example.com","185 Dien Bien Phu, Ha Noi","Tieu duong","9.22","Do Tuan Kiet","22/03/2026"
"fe22a5a5-a469-4147-889c-222f2cc7bf18","Tran Thi Binh","423959614142","17/04/1941","0336313361","patient74@example.com","109 Ly Thuong Kiet, Da Nang","Huyet ap cao","6.31","Ngo Duc Huy","24/02/2026"
"803ae0d0-1a01-491c-982b-8d847dae5093","Ngo Duc Huy","037212582469","22/02/1967","0935771443","patient75@example.com","121 Le Loi, Hue","Khoe manh","7.16","Nguyen Van An","17/04/2026"
"9eef4820-b302-40c4-9626-177c009f6003","Pham Quoc Dat","744629724497","02/12/1965","0565178940","patient76@example.com","189 Dien Bien Phu, Vinh","Huyet ap cao","9.3","Hoang Thi Hoa","21/02/2026"
"21c5c19f-b503-46fd-8cac-939cefbebfce","Pham Quoc Dat","846992823887","04/07/2005","0749576499","patient77@example.com","178 Hai Ba Trung, Can Tho","Tim mach","6.12","Bui Thanh Nam","12/04/2026"
"f05b33c0-70bd-417c-8891-2e9275988d34","Le Minh Chau","871890870468","26/07/1999","0913934336","patient78@example.com","23 Ly Thuong Kiet, Ha Noi","Tim mach","10.94","Nguyen Van An","03/04/2026"
"3549d239-8376-49b2-b872-b6a3f9b9b7a9","Dang My Duyen","403115515668","25/12/1939","0981821491","patient79@example.com","95 Nguyen Trai, Da Nang","Huyet ap cao","9.58","Do Tuan Kiet","19/03/2026"
"7e9fd36b-24d0-4a84-b145-9a6e1cd85031","Vo Ngoc Linh","061555305075","25/01/1964","0535516918","patient80@example.com","127 Ly Thuong Kiet, Can Tho","Tieu duong","7.42","Vu Thi Mai","20/04/2026"
"053a885d-90a1-44e7-a4d5-e9731a841560","Vo Ngoc Linh","422500933150","04/03/2005","0825803560","patient81@example.com","109 Le Loi, Ho Chi Minh","Tieu duong","9.59","Bui Thanh Nam","07/02/2026"
"820fe14d-e15c-4ba5-b0bc-02b185ac9b08","Bui Thanh Nam","354734729866","14/05/1941","0300071395","patient82@example.com","101 Le Loi, Nha Trang","Huyet ap cao","3.81","Le Minh Chau","27/04/2026"
"76047f2e-2e62-4d20-8d7a-96489348c6fb","Pham Quoc Dat","944060810676","02/07/1972","0731848322","patient83@example.com","182 Ly Thuong Kiet, Ha Noi","Tim mach","4.07","Dang My Duyen","26/04/2026"
"9a412dab-6c18-4a53-ab2d-594c3a0936e8","Ngo Duc Huy","422311137199","11/09/1982","0806959145","patient84@example.com","89 Vo Van Kiet, Nha Trang","Tieu duong","4.12","Tran Thi Binh","07/04/2026"
"9ac1e06a-7537-4fc5-8558-747c6838e5fb","Vo Ngoc Linh","577342352424","18/04/1957","0815342874","patient85@example.com","39 Le Loi, Hai Phong","Khoe manh","7.93","Tran Thi Binh","17/04/2026"
"6652a052-1977-4d14-92d2-da4e564a848f","Do Tuan Kiet","878992293436","13/04/1999","0342116239","patient86@example.com","151 Le Loi, Nha Trang","Tim mach","11.92","Do Tuan Kiet","10/02/2026"
"4b7dd722-3c70-4bf7-ae6b-69ff100d075b","Hoang Thi Hoa","615634063663","13/02/1968","0511837141","patient87@example.com","114 Dien Bien Phu, Hai Phong","Huyet ap cao","7.66","Vu Thi Mai","25/01/2026"
"db32f4dc-578c-4e64-88b7-a4531542ed2d","Le Minh Chau","575853659637","12/04/2002","0795824680","patient88@example.com","105 Tran Hung Dao, Da Nang","Khoe manh","10.24","Nguyen Van An","26/05/2026"
"c2b3ab24-4453-4225-bb6a-02863820444f","Le Minh Chau","713966304769","24/11/1948","0873437263","patient89@example.com","86 Hai Ba Trung, Nha Trang","Huyet ap cao","10.13","Phan Anh Tuan","06/01/2026"
"9deddbd1-fcb5-41b3-9cc7-1ca5472e96f8","Hoang Thi Hoa","158195257761","08/03/1963","0394765734","patient90@example.com","171 Ly Thuong Kiet, Can Tho","Huyet ap cao","5.83","Tran Thi Binh","13/03/2026"
"6455fdb9-0329-4f02-b508-21058a9833ff","Tran Thi Binh","983854127012","24/04/1950","0955093036","patient91@example.com","117 Vo Van Kiet, Hai Phong","Khoe manh","10.55","Pham Quoc Dat","15/04/2026"
"66d13d44-c83d-4434-9a17-7c7ade1b48df","Do Tuan Kiet","879191685266","07/04/1986","0542890939","patient92@example.com","40 Nguyen Trai, Hue","Tim mach","7.78","Tran Thi Binh","08/05/2026"
"dfc6db27-c2d5-417c-8932-582fa362844d","Vo Ngoc Linh","807840198557","09/03/2007","0526081251","patient93@example.com","46 Hai Ba Trung, Hai Phong","Tieu duong","4.1","Do Tuan Kiet","15/05/2026"
"289b3609-c3f7-45f5-a253-956a93208276","Tran Thi Binh","300870511998","17/01/1975","0949166534","patient94@example.com","8 Tran Hung Dao, Ho Chi Minh","Tim mach","6.38","Hoang Thi Hoa","22/01/2026"
"43c22bb0-7f7e-4b4b-b375-0d4a7962069a","Hoang Thi Hoa","777955017560","15/06/1952","0564743345","patient95@example.com","82 Vo Van Kiet, Hai Phong","Tim mach","8.7","Do Tuan Kiet","01/04/2026"
"2e63c10e-294c-48cb-b577-2fde49c8c1a5","Do Tuan Kiet","190154653533","27/04/1952","0745194965","patient96@example.com","125 Dien Bien Phu, Can Tho","Tieu duong","9.66","Dang My Duyen","04/05/2026"
"45d94dae-26fe-4869-b930-0d0562d0fbb6","Bui Thanh Nam","645600670836","10/03/1943","0338708547","patient97@example.com","149 Le Loi, Ha Noi","Tieu duong","4.25","Do Tuan Kiet","01/04/2026"
"dc65ccf8-8bf2-4d68-bdf0-fb5e6e04557e","Nguyen Van An","380192245891","22/03/1983","0598458623","patient98@example.com","151 Le Loi, Da Nang","Huyet ap cao","6.31","Dang My Duyen","20/05/2026"
"04ba066e-edd9-42e7-8227-5b945e4993ea","Vu Thi Mai","991436734372","14/08/1946","0760943867","patient99@example.com","136 Vo Van Kiet, Ha Noi","Tim mach","6.33","Vu Thi Mai","01/03/2026"
"c8133152-263d-44d5-a44a-d358000501c9","Vu Thi Mai","635750331499","21/11/2002","0344390750","patient100@example.com","188 Tran Hung Dao, Can Tho","Huyet ap cao","11.6","Vu Thi Mai","20/04/2026"
"57d2b00a-2f64-4cfa-b72d-3b339b75bdc3","Bui Thanh Nam","708018709491","17/07/1974","0722603515","patient101@example.com","149 Le Loi, Vinh","Tieu duong","10.5","Tran Thi Binh","04/02/2026"
"cb52cd15-3153-4350-ac3a-dde9c1429398","Tran Thi Binh","887574494468","02/01/1936","0790814433","patient102@example.com","167 Hai Ba Trung, Vinh","Tim mach","6.5","Dang My Duyen","19/03/2026"
"2d6474f6-2940-447a-bd1e-f38dcde23d70","Hoang Thi Hoa","595796053684","11/02/2007","0564032929","patient103@example.com","181 Nguyen Trai, Vinh","Huyet ap cao","8.98","Dang My Duyen","24/05/2026"
"324d8ce4-ac23-4bcc-a647-a19c87ca6fb1","Vo Ngoc Linh","263253779421","17/01/1991","0705203699","patient104@example.com","14 Nguyen Trai, Vinh","Khoe manh","7.66","Do Tuan Kiet","21/02/2026"
"e1f71f4d-5398-46f0-af1f-7c91008fddff","Hoang Thi Hoa","030077723020","25/01/1979","0317049267","patient105@example.com","97 Dien Bien Phu, Ha Noi","Tim mach","4.7","Do Tuan Kiet","12/04/2026"
"06634801-7b67-4931-89b5-6711d106c134","Hoang Thi Hoa","328613716670","14/10/1971","0811758717","patient106@example.com","131 Le Loi, Nha Trang","Huyet ap cao","8.28","Vo Ngoc Linh","18/03/2026"
"b2e49e03-b868-4aa4-b8e5-64603a06e469","Hoang Thi Hoa","244744285314","03/08/1953","0383600151","patient107@example.com","12 Ly Thuong Kiet, Da Nang","Tim mach","8.25","Vu Thi Mai","13/03/2026"
"f3fe71be-811a-4f58-a7b0-bd04a324eb00","Le Minh Chau","334012881070","05/08/2002","0995224792","patient108@example.com","5 Tran Hung Dao, Ho Chi Minh","Huyet ap cao","10.41","Le Minh Chau","15/01/2026"
"bb07fb8f-c97a-475f-bbc8-9166385105fb","Tran Thi Binh","409036704864","17/10/1976","0913114998","patient109@example.com","163 Tran Hung Dao, Ho Chi Minh","Huyet ap cao","11.84","Bui Thanh Nam","08/01/2026"
"d7b8ace2-c816-4f6b-a120-3cc216abb5a8","Vo Ngoc Linh","965332323284","18/07/1969","0335467321","patient110@example.com","105 Dien Bien Phu, Nha Trang","Huyet ap cao","8.06","Do Tuan Kiet","13/02/2026"
"dea28727-f60b-4622-ad6b-e07ea4c55ace","Phan Anh Tuan","760469968513","18/08/2002","0574013920","patient111@example.com","101 Hai Ba Trung, Nha Trang","Tieu duong","5.87","Pham Quoc Dat","04/01/2026"
"dce9069f-f4f9-4131-a3ab-8c7454322163","Vo Ngoc Linh","512671560664","02/10/1998","0995815860","patient112@example.com","186 Pham Van Dong, Hai Phong","Tieu duong","11.72","Hoang Thi Hoa","07/01/2026"
"0790723d-9353-4fd0-a9df-5f01456012d6","Le Minh Chau","781909364361","20/10/1954","0576280075","patient113@example.com","195 Vo Van Kiet, Nha Trang","Tieu duong","4.24","Hoang Thi Hoa","23/02/2026"
"86557216-9a23-477f-af15-8cafdb65f9fc","Vo Ngoc Linh","311577147869","06/01/2004","0392968618","patient114@example.com","87 Le Loi, Da Nang","Huyet ap cao","4.07","Pham Quoc Dat","25/03/2026"
"dc91b3d7-8051-46d4-af43-e4a64f4acd8a","Vu Thi Mai","818433333755","10/04/1991","0563165560","patient115@example.com","178 Pham Van Dong, Ho Chi Minh","Huyet ap cao","10.93","Vu Thi Mai","25/01/2026"
"5fc30027-de2c-43de-b508-71126f521336","Ngo Duc Huy","942535452836","11/11/1942","0536345811","patient116@example.com","190 Vo Van Kiet, Can Tho","Tieu duong","4.81","Vu Thi Mai","27/01/2026"
"2b697aeb-c0bd-45b3-83d5-f3c1be5eeada","Tran Thi Binh","187092485645","16/05/2005","0765840593","patient117@example.com","110 Hai Ba Trung, Ho Chi Minh","Khoe manh","7.03","Phan Anh Tuan","10/03/2026"
"0276c7d2-02e0-4e07-a0da-11da214a89af","Tran Thi Binh","464014850922","01/11/1995","0594652259","patient118@example.com","42 Dien Bien Phu, Da Nang","Huyet ap cao","7.03","Do Tuan Kiet","14/03/2026"
"d62c28b6-f363-4ffe-9803-b24b43e97022","Tran Thi Binh","080664028421","25/10/1980","0314312710","patient119@example.com","43 Hai Ba Trung, Nha Trang","Huyet ap cao","10.61","Bui Thanh Nam","02/05/2026"
"feb9b602-6095-4857-98cf-10db95561090","Le Minh Chau","250907793272","25/07/1939","0312238097","patient120@example.com","14 Le Loi, Nha Trang","Tim mach","8.25","Do Tuan Kiet","24/05/2026"
"c9777dc2-75e2-4c95-9d79-f5e6313f948e","Pham Quoc Dat","863844916873","26/06/1971","0703934683","patient121@example.com","87 Vo Van Kiet, Hai Phong","Khoe manh","8.62","Le Minh Chau","14/05/2026"
"ea6e849c-94af-4e77-aa84-5d825e7beadc","Vo Ngoc Linh","235949524199","05/11/2002","0901182813","patient122@example.com","170 Tran Hung Dao, Can Tho","Khoe manh","6.35","Dang My Duyen","22/05/2026"
"39d0fdd0-3227-45dc-b74e-06180607a011","Hoang Thi Hoa","486822838777","26/04/1971","0896685541","patient123@example.com","155 Pham Van Dong, Ho Chi Minh","Huyet ap cao","10.19","Le Minh Chau","19/04/2026"
"955ebf28-4c21-4b41-90aa-5bba22378203","Le Minh Chau","264335764398","14/05/1996","0577450221","patient124@example.com","183 Tran Hung Dao, Can Tho","Tim mach","9.55","Do Tuan Kiet","27/05/2026"
"37f2ef74-0faf-4ef2-91f7-97f67321c474","Le Minh Chau","560795963438","05/03/1941","0893868504","patient125@example.com","5 Dien Bien Phu, Nha Trang","Tieu duong","9.62","Bui Thanh Nam","14/02/2026"
"176d1da6-66ba-4f2d-af56-da3b3bf15c48","Tran Thi Binh","907692012015","21/05/1968","0505631457","patient126@example.com","99 Vo Van Kiet, Vinh","Tim mach","9.03","Le Minh Chau","25/04/2026"
"6d5b4595-ea69-4be4-971d-90223f102461","Nguyen Van An","965396872969","03/04/1969","0732042702","patient127@example.com","158 Nguyen Trai, Ho Chi Minh","Huyet ap cao","9.35","Do Tuan Kiet","12/03/2026"
"af7082d4-673d-406d-8bd5-6a3ab2b9a18e","Le Minh Chau","522498303514","25/09/2001","0522391968","patient128@example.com","167 Pham Van Dong, Vinh","Khoe manh","10.76","Nguyen Van An","02/02/2026"
"d583d898-5f1f-44f9-8a0d-710b1616b27a","Phan Anh Tuan","866137381756","02/07/1980","0950370906","patient129@example.com","158 Ly Thuong Kiet, Ha Noi","Khoe manh","4.51","Pham Quoc Dat","20/01/2026"
"6fdbd4fd-ac2d-4b8a-8819-e4942fec5805","Pham Quoc Dat","293480981516","27/04/1951","0910946863","patient130@example.com","184 Ly Thuong Kiet, Can Tho","Tieu duong","5.94","Pham Quoc Dat","17/04/2026"
"b3998c2e-4a3c-4677-a82e-e70f365efbb1","Ngo Duc Huy","905995729694","23/12/1983","0793574373","patient131@example.com","108 Tran Hung Dao, Hai Phong","Huyet ap cao","5.58","Phan Anh Tuan","14/05/2026"
"6d684ac9-d705-47a1-b73e-17c4348b5bd3","Tran Thi Binh","114495011084","18/06/1981","0929394567","patient132@example.com","56 Tran Hung Dao, Vinh","Tim mach","5.05","Bui Thanh Nam","01/01/2026"
"fca8c50c-f4f4-4010-9fe2-14ae1578bf06","Phan Anh Tuan","291502073518","09/09/2000","0350756022","patient133@example.com","55 Vo Van Kiet, Hai Phong","Huyet ap cao","4.08","Hoang Thi Hoa","04/03/2026"
"2067111d-f8a4-45a2-a1dc-3095972a1912","Phan Anh Tuan","652591365743","09/09/2006","0814053771","patient134@example.com","132 Tran Hung Dao, Hue","Tim mach","10.8","Tran Thi Binh","13/01/2026"
"2843df8b-68fd-47b5-b0f7-4c3ae128ce29","Pham Quoc Dat","220587094685","25/12/1991","0859340961","patient135@example.com","155 Ly Thuong Kiet, Ha Noi","Huyet ap cao","11.81","Tran Thi Binh","26/01/2026"
"2510965e-0ddd-453b-a6d4-55f622a89f0d","Hoang Thi Hoa","992715792751","08/03/1963","0362759788","patient136@example.com","162 Dien Bien Phu, Ho Chi Minh","Tieu duong","11.59","Dang My Duyen","19/04/2026"
"56bc5d44-ad06-4424-94dc-6920d8a904d1","Do Tuan Kiet","845460730968","20/11/1988","0399964679","patient137@example.com","118 Hai Ba Trung, Nha Trang","Tieu duong","6.12","Ngo Duc Huy","24/02/2026"
"14b87d19-3d9b-4b8c-ad99-257406653f1a","Ngo Duc Huy","995633166885","13/09/2002","0344142352","patient138@example.com","146 Pham Van Dong, Hue","Huyet ap cao","7.1","Tran Thi Binh","07/02/2026"
"1d4aadc4-caf6-43fc-84e5-ab86ab0e0811","Hoang Thi Hoa","876196902885","20/12/1952","0584905955","patient139@example.com","102 Tran Hung Dao, Nha Trang","Huyet ap cao","7.42","Nguyen Van An","13/05/2026"
"ea73dcf9-693b-4ffe-8a15-72ca64c02444","Tran Thi Binh","784501410138","10/01/1966","0555350307","patient140@example.com","65 Tran Hung Dao, Hai Phong","Huyet ap cao","7.33","Vu Thi Mai","16/02/2026"
"55470dba-745d-4aa7-bd36-b998aef0e790","Vu Thi Mai","342427660229","06/01/2003","0536324818","patient141@example.com","141 Ly Thuong Kiet, Hue","Khoe manh","7.43","Phan Anh Tuan","15/05/2026"
"6e9f2240-c908-4e91-b0c8-9a514bfe5296","Dang My Duyen","185902415335","08/07/1974","0545702283","patient142@example.com","58 Hai Ba Trung, Hue","Khoe manh","3.97","Dang My Duyen","17/05/2026"
"4bc7a17e-1718-4eea-a5af-ed318a2ddfc1","Do Tuan Kiet","216695825201","20/04/1984","0978667679","patient143@example.com","137 Dien Bien Phu, Vinh","Huyet ap cao","8.28","Do Tuan Kiet","05/05/2026"
"294c7da8-fb38-44d8-8fc1-49074f099214","Bui Thanh Nam","921173956539","04/08/1966","0576110628","patient144@example.com","4 Pham Van Dong, Da Nang","Tim mach","11.11","Dang My Duyen","12/03/2026"
"f12c50ed-6e6f-4fb6-9ede-af7b8b11fc29","Pham Quoc Dat","847167038982","20/09/1962","0705324162","patient145@example.com","107 Tran Hung Dao, Nha Trang","Tieu duong","4.67","Vo Ngoc Linh","22/01/2026"
"24041922-8a3a-4d3b-9445-4a2adfd1abf3","Nguyen Van An","055191117240","04/08/1957","0358216669","patient146@example.com","113 Vo Van Kiet, Vinh","Khoe manh","7.51","Hoang Thi Hoa","21/03/2026"
"0f5a2653-2827-43a0-b9b0-4a5ac47cc0d3","Pham Quoc Dat","660399215826","02/09/1961","0958482131","patient147@example.com","125 Pham Van Dong, Da Nang","Tieu duong","7.68","Pham Quoc Dat","10/04/2026"
"8246b265-7f3c-46bf-ad1b-f91d7beac955","Dang My Duyen","850291718108","20/02/1936","0559756493","patient148@example.com","125 Nguyen Trai, Da Nang","Tieu duong","10.43","Phan Anh Tuan","02/04/2026"
"acf4c3e4-0e67-4c24-be6c-8a7627d9ffeb","Nguyen Van An","551725997596","21/02/1986","0351541204","patient149@example.com","97 Tran Hung Dao, Hai Phong","Huyet ap cao","4.68","Ngo Duc Huy","27/05/2026"
"75c101a4-8407-47aa-b982-fcfa23674649","Phan Anh Tuan","640780862254","27/01/1996","0772775402","patient150@example.com","168 Pham Van Dong, Hue","Tieu duong","8.6","Phan Anh Tuan","20/03/2026"
"141b081c-7824-4a4a-9af9-b8fe8d72c8ce","Hoang Thi Hoa","864438733723","20/05/1951","0551272307","patient151@example.com","128 Vo Van Kiet, Hai Phong","Tim mach","5.98","Phan Anh Tuan","05/05/2026"
"fa5a2118-cd4f-42fc-bc28-9c9537ba1357","Nguyen Van An","869179363096","05/01/1981","0987281358","patient152@example.com","121 Pham Van Dong, Ho Chi Minh","Tim mach","4.34","Nguyen Van An","04/04/2026"
"45b30421-bd3f-4ee0-a199-0e0b45fdf479","Pham Quoc Dat","726816619485","25/11/1951","0857084526","patient153@example.com","8 Dien Bien Phu, Can Tho","Khoe manh","10.48","Do Tuan Kiet","26/03/2026"
"1a155ad7-be8e-4265-ae3b-a13738dc4628","Dang My Duyen","293949016416","10/07/1992","0707348216","patient154@example.com","138 Nguyen Trai, Da Nang","Tieu duong","11.5","Le Minh Chau","09/01/2026"
"01ec8fda-71e4-4aaf-b003-7e23dc6081d7","Hoang Thi Hoa","420662263271","10/01/1941","0321023642","patient155@example.com","93 Le Loi, Da Nang","Huyet ap cao","6.25","Dang My Duyen","26/01/2026"
"9e4023de-cf82-4ac9-bd0a-afe11d42c008","Le Minh Chau","962586730332","25/06/1949","0990253877","patient156@example.com","92 Hai Ba Trung, Nha Trang","Khoe manh","9.83","Bui Thanh Nam","09/05/2026"
"1e7c4be5-dab3-4431-880a-142d0e77dafe","Hoang Thi Hoa","004734672734","02/10/1990","0906143725","patient157@example.com","155 Tran Hung Dao, Can Tho","Tim mach","7.84","Vu Thi Mai","05/03/2026"
"14a77c45-1d66-412a-8204-54c28fd2db27","Phan Anh Tuan","601960221196","04/03/1956","0781730813","patient158@example.com","53 Dien Bien Phu, Vinh","Huyet ap cao","11.99","Tran Thi Binh","21/05/2026"
"4dd82106-6b4c-4387-af68-265efce56169","Hoang Thi Hoa","953239648736","02/12/1992","0944564947","patient159@example.com","158 Tran Hung Dao, Nha Trang","Tim mach","4.2","Phan Anh Tuan","03/04/2026"
"8d959f18-1af1-46b4-8f6a-5fb87457279e","Ngo Duc Huy","188644328232","27/07/1992","0565251944","patient160@example.com","82 Nguyen Trai, Da Nang","Khoe manh","4.81","Le Minh Chau","18/05/2026"
"7c9f46fb-c57b-4fcc-9252-b88ade4b7283","Vo Ngoc Linh","637504640094","13/12/1986","0572897393","patient161@example.com","128 Hai Ba Trung, Ha Noi","Huyet ap cao","9.27","Vu Thi Mai","11/05/2026"
"8b8ca6ac-d82b-400c-b0d1-4af7701d3fd8","Vo Ngoc Linh","455285970241","19/02/1937","0851487497","patient162@example.com","67 Le Loi, Hai Phong","Khoe manh","9.79","Le Minh Chau","06/03/2026"
"2fa7a909-cc41-4974-a32a-3a2c525d18b6","Vo Ngoc Linh","934211542827","08/08/2000","0322252235","patient163@example.com","29 Pham Van Dong, Vinh","Tieu duong","9.94","Vo Ngoc Linh","11/01/2026"
"204996b6-014a-49d7-ac28-401927c3b578","Dang My Duyen","304627547677","11/09/1940","0312204567","patient164@example.com","154 Hai Ba Trung, Ha Noi","Huyet ap cao","11.62","Bui Thanh Nam","19/04/2026"
"17b5dfbc-5348-405b-94c2-5be646b0e4b9","Le Minh Chau","894863887045","08/07/1967","0908610412","patient165@example.com","190 Pham Van Dong, Nha Trang","Tieu duong","9.89","Vo Ngoc Linh","11/02/2026"
"99962d49-55e7-4193-9fd6-b9d20302d3dc","Ngo Duc Huy","992694524632","14/11/2004","0860334891","patient166@example.com","146 Nguyen Trai, Vinh","Khoe manh","7.46","Bui Thanh Nam","05/01/2026"
"7aee8c9e-603d-4f43-863f-85bb467544ac","Nguyen Van An","542035643074","18/11/1964","0776786678","patient167@example.com","99 Nguyen Trai, Hue","Tieu duong","6.79","Nguyen Van An","23/05/2026"
"ad1f91bc-014c-4d00-8730-8253399d2369","Phan Anh Tuan","562548754013","01/09/1992","0718971881","patient168@example.com","174 Ly Thuong Kiet, Da Nang","Tieu duong","4.42","Ngo Duc Huy","24/04/2026"
"57100881-72fe-4b17-a2d5-5f3fb42a1669","Bui Thanh Nam","070121875129","05/11/1999","0514581768","patient169@example.com","138 Pham Van Dong, Da Nang","Khoe manh","4.98","Do Tuan Kiet","26/03/2026"
"74e7e4d6-7e82-409e-869f-d7df6d0c954c","Phan Anh Tuan","118936041588","19/07/1948","0312238469","patient170@example.com","70 Dien Bien Phu, Ho Chi Minh","Huyet ap cao","11.89","Dang My Duyen","27/02/2026"
"a358adc8-a2ea-4968-a767-234ccc687d7d","Le Minh Chau","657417075972","10/08/1996","0382824998","patient171@example.com","36 Vo Van Kiet, Nha Trang","Tim mach","4.51","Vo Ngoc Linh","26/02/2026"
"482e6eb9-8e7b-4eb8-8d07-4f3a108f816a","Do Tuan Kiet","945593900198","08/02/1984","0737949270","patient172@example.com","192 Tran Hung Dao, Vinh","Tieu duong","11.01","Vu Thi Mai","27/04/2026"
"374e394d-598c-46a8-8977-b98be976bb83","Hoang Thi Hoa","037130335022","19/02/1956","0317932403","patient173@example.com","168 Le Loi, Can Tho","Tim mach","6.87","Dang My Duyen","26/03/2026"
"3dab61a5-8768-4fe9-a3c7-3eb5c6ac5906","Hoang Thi Hoa","852211205606","04/10/1944","0917112062","patient174@example.com","8 Tran Hung Dao, Ho Chi Minh","Tim mach","10.62","Vo Ngoc Linh","04/02/2026"
"f6de71ba-1dcf-4071-9fbf-55c7c03cdf54","Vu Thi Mai","468474085184","17/12/1956","0316797292","patient175@example.com","183 Vo Van Kiet, Da Nang","Tim mach","9.25","Dang My Duyen","14/01/2026"
"beda79c4-ffc5-4df2-9261-05b5b9991088","Dang My Duyen","917826211122","15/07/1974","0572563407","patient176@example.com","71 Ly Thuong Kiet, Hue","Huyet ap cao","4.36","Phan Anh Tuan","23/02/2026"
"125f9e5e-b72c-46db-87c5-7b69ebbe2f83","Pham Quoc Dat","970560979681","14/04/1952","0375301156","patient177@example.com","196 Nguyen Trai, Can Tho","Khoe manh","5.3","Do Tuan Kiet","09/03/2026"
"752ab0ab-621b-4371-a912-1ea10fa157f2","Vo Ngoc Linh","150285307616","24/07/1958","0584485204","patient178@example.com","39 Hai Ba Trung, Ha Noi","Khoe manh","3.96","Tran Thi Binh","13/03/2026"
"9fbd9ad7-bc66-46f4-a0c1-a1d10b35db90","Do Tuan Kiet","690697643641","07/02/1965","0903736759","patient179@example.com","57 Le Loi, Da Nang","Khoe manh","6.1","Vo Ngoc Linh","11/05/2026"
"8fe9e616-c313-424a-8859-90b537bd899d","Ngo Duc Huy","554568204940","22/12/1943","0338888196","patient180@example.com","88 Hai Ba Trung, Hai Phong","Huyet ap cao","7.43","Dang My Duyen","13/03/2026"
"99299538-2d56-4cec-843d-c91fdbbec1e2","Dang My Duyen","012957033618","09/08/1993","0559539829","patient181@example.com","26 Tran Hung Dao, Ha Noi","Tieu duong","5.73","Dang My Duyen","22/01/2026"
"b6915136-35e6-452c-a241-08e44ba20dba","Nguyen Van An","044892764142","11/12/2005","0954843969","patient182@example.com","128 Ly Thuong Kiet, Da Nang","Tim mach","10.83","Vo Ngoc Linh","19/04/2026"
"5b1db839-dc47-47ca-931b-e9ff5af93e75","Ngo Duc Huy","536114277998","14/07/1990","0911436386","patient183@example.com","65 Nguyen Trai, Can Tho","Huyet ap cao","10.44","Hoang Thi Hoa","22/03/2026"
"7b1042c5-738f-450c-9e30-cafb109e7078","Le Minh Chau","084632725546","03/10/1967","0381379300","patient184@example.com","42 Hai Ba Trung, Can Tho","Tim mach","11.21","Ngo Duc Huy","13/04/2026"
"9b7b6275-91fb-4f69-9497-8c0ef2e2d5d1","Hoang Thi Hoa","866226733345","19/04/1973","0350995524","patient185@example.com","171 Le Loi, Vinh","Tieu duong","11.04","Phan Anh Tuan","06/01/2026"
"bc043a76-d3a6-46bb-ba05-69491e0a52e3","Vo Ngoc Linh","994481816441","08/08/1946","0753393667","patient186@example.com","14 Hai Ba Trung, Can Tho","Tieu duong","6.7","Tran Thi Binh","20/05/2026"
"f5c4eac5-a01a-4c54-9fa6-39ec23b45029","Tran Thi Binh","747247426137","07/06/2005","0902568914","patient187@example.com","118 Hai Ba Trung, Ha Noi","Tieu duong","10.42","Vo Ngoc Linh","16/02/2026"
"a838db83-8458-406a-8b10-8796e636a377","Vo Ngoc Linh","195296741055","22/08/1957","0838647501","patient188@example.com","180 Hai Ba Trung, Nha Trang","Tim mach","3.59","Nguyen Van An","15/05/2026"
"bd9205c9-9ab7-4c52-babc-0510c482aaab","Do Tuan Kiet","512374748979","21/09/2003","0556096050","patient189@example.com","91 Pham Van Dong, Ha Noi","Tim mach","4.51","Dang My Duyen","08/03/2026"
"91cd2e1e-3e1b-4129-93db-2ee38ad18078","Phan Anh Tuan","920948139863","11/12/1997","0384602051","patient190@example.com","60 Tran Hung Dao, Nha Trang","Huyet ap cao","4.93","Dang My Duyen","22/03/2026"
"2f1b439c-e2cb-471b-b23d-ee4121fe1b13","Tran Thi Binh","221752993863","14/09/1971","0728172278","patient191@example.com","165 Vo Van Kiet, Da Nang","Khoe manh","4.91","Pham Quoc Dat","09/03/2026"
"fec0659e-c67f-4aff-a1e7-3b416f292c9e","Ngo Duc Huy","697108773996","19/08/1959","0555551633","patient192@example.com","168 Le Loi, Hue","Huyet ap cao","6.71","Bui Thanh Nam","18/04/2026"
"ab5f30fa-670f-49e5-8d84-43ae8af463ef","Vu Thi Mai","516841694795","26/01/1958","0350025948","patient193@example.com","166 Le Loi, Hai Phong","Khoe manh","11.7","Do Tuan Kiet","10/05/2026"
"aca05fa8-2082-498c-809c-cd4eb39b43c9","Hoang Thi Hoa","423058569647","22/10/1979","0320595046","patient194@example.com","38 Hai Ba Trung, Ha Noi","Khoe manh","11.13","Bui Thanh Nam","01/03/2026"
"14483b2a-f049-44e9-bbcd-c2e8fbc6dc27","Hoang Thi Hoa","691778496614","03/09/2007","0892528537","patient195@example.com","46 Hai Ba Trung, Hai Phong","Khoe manh","10.73","Le Minh Chau","03/02/2026"
"192ebaf9-f934-4a83-ad57-bf04692872ed","Vo Ngoc Linh","359398462743","03/07/1999","0310257148","patient196@example.com","66 Tran Hung Dao, Hue","Khoe manh","6.33","Vo Ngoc Linh","13/03/2026"
"1ca0d71e-eb5e-4f00-8b12-793fceaa70ad","Bui Thanh Nam","371934330390","25/02/1962","0958866567","patient197@example.com","92 Tran Hung Dao, Ha Noi","Tieu duong","8.79","Hoang Thi Hoa","12/01/2026"
"9033b56d-78b3-4783-b766-b14e69b76d52","Hoang Thi Hoa","810527709723","02/08/1952","0981647807","patient198@example.com","178 Tran Hung Dao, Vinh","Huyet ap cao","10.73","Vo Ngoc Linh","16/05/2026"
"82e4897d-2082-41a1-8117-a08b067ebfa9","Tran Thi Binh","498860790725","14/10/1990","0886142893","patient199@example.com","32 Vo Van Kiet, Vinh","Tieu duong","11.41","Vo Ngoc Linh","04/04/2026"
"8c446317-06e4-4cf9-b57b-96b77c957e4c","Nguyen Van An","062458667949","10/09/1969","0314470967","patient200@example.com","90 Tran Hung Dao, Hai Phong","Tim mach","9.02","Tran Thi Binh","16/04/2026"
